{
    "\n": 1.5426569004584496,
    " ": 17.503425198925015,
    "!": 0.07509089950993307,
    "\"": 0.1929967855825473,
    "'": 1.1296569531538179,
    "(": 0.0013173842019286505,
    ")": 0.0013173842019286505,
    ",": 1.2541497602360752,
    "-": 0.2687463771934447,
    ".": 0.7146809295462929,
    "0": 0.0013173842019286505,
    "1": 0.008562997312536229,
    "2": 0.002634768403857301,
    "3": 0.0013173842019286505,
    "4": 0.0013173842019286505,
    "5": 0.0013173842019286505,
    "6": 0.0013173842019286505,
    "7": 0.0013173842019286505,
    "8": 0.0013173842019286505,
    "9": 0.0013173842019286505,
    ":": 0.11988196237550719,
    ";": 0.3003635980397323,
    ">": 0.003952152605785951,
    "?": 0.05071929177425304,
    "A": 6.619855614691469,
    "B": 0.8655214206671233,
    "C": 2.124282025609949,
    "D": 2.9917795225799653,
    "E": 13.027612372872424,
    "F": 0.7864783685514043,
    "G": 0.8773778784844812,
    "H": 0.6797702481951836,
    "I": 5.957211361121358,
    "J": 0.4703061600885282,
    "K": 0.0013173842019286505,
    "L": 4.456710755124624,
    "M": 2.2171576118459186,
    "N": 5.023185961953944,
    "O": 3.9534699899878802,
    "P": 2.075538810138589,
    "Q": 1.0275596775043474,
    "R": 5.067318332718554,
    "S": 5.719423512673236,
    "T": 5.475707435316436,
    "U": 5.059414027506982,
    "V": 1.3898403330347262,
    "X": 0.31683090056384045,
    "Y": 0.25688991937608685,
    "Z": 0.378747958054487
}